timeStamp,elapsed,label,responseCode,responseMessage,threadName,dataType,success,failureMessage,bytes,sentBytes,grpThreads,allThreads,URL,Latency,IdleTime,Connect
1637593869274,35,HTTP Request,200,OK,Thread Group 1-1,text,true,,246,221,4,4,http://127.0.0.1:8000/deposit,35,0,0
1637593869286,355,HTTP Request,200,OK,Thread Group 1-3,text,true,,246,221,38,38,http://127.0.0.1:8000/deposit,355,0,1
1637593869277,363,HTTP Request,200,OK,Thread Group 1-2,text,true,,246,221,38,38,http://127.0.0.1:8000/deposit,363,0,0
1637593869297,344,HTTP Request,200,OK,Thread Group 1-4,text,true,,246,221,38,38,http://127.0.0.1:8000/deposit,344,0,0
1637593869579,118,HTTP Request,200,OK,Thread Group 1-32,text,true,,246,221,44,44,http://127.0.0.1:8000/deposit,118,0,0
1637593869617,80,HTTP Request,200,OK,Thread Group 1-36,text,true,,246,221,44,44,http://127.0.0.1:8000/deposit,80,0,0
1637593869627,70,HTTP Request,200,OK,Thread Group 1-37,text,true,,246,221,44,44,http://127.0.0.1:8000/deposit,70,0,0
1637593869559,139,HTTP Request,200,OK,Thread Group 1-30,text,true,,246,221,44,44,http://127.0.0.1:8000/deposit,139,0,0
1637593869607,91,HTTP Request,200,OK,Thread Group 1-35,text,true,,246,221,44,44,http://127.0.0.1:8000/deposit,91,0,1
1637593869516,183,HTTP Request,200,OK,Thread Group 1-26,text,true,,246,221,44,44,http://127.0.0.1:8000/deposit,183,0,0
1637593869546,153,HTTP Request,200,OK,Thread Group 1-29,text,true,,246,221,44,44,http://127.0.0.1:8000/deposit,153,0,1
1637593869567,132,HTTP Request,200,OK,Thread Group 1-31,text,true,,246,221,44,44,http://127.0.0.1:8000/deposit,132,0,0
1637593869598,100,HTTP Request,200,OK,Thread Group 1-34,text,true,,246,221,44,44,http://127.0.0.1:8000/deposit,100,0,1
1637593869497,202,HTTP Request,200,OK,Thread Group 1-24,text,true,,246,221,44,44,http://127.0.0.1:8000/deposit,202,0,0
1637593869419,280,HTTP Request,200,OK,Thread Group 1-16,text,true,,246,221,44,44,http://127.0.0.1:8000/deposit,280,0,0
1637593869536,163,HTTP Request,200,OK,Thread Group 1-28,text,true,,246,221,44,44,http://127.0.0.1:8000/deposit,163,0,0
1637593869507,192,HTTP Request,200,OK,Thread Group 1-25,text,true,,246,221,44,44,http://127.0.0.1:8000/deposit,192,0,0
1637593869526,174,HTTP Request,200,OK,Thread Group 1-27,text,true,,246,221,44,44,http://127.0.0.1:8000/deposit,174,0,0
1637593869336,365,HTTP Request,200,OK,Thread Group 1-8,text,true,,246,221,44,44,http://127.0.0.1:8000/deposit,365,0,1
1637593869318,384,HTTP Request,200,OK,Thread Group 1-6,text,true,,246,221,44,44,http://127.0.0.1:8000/deposit,384,0,1
1637593869367,336,HTTP Request,200,OK,Thread Group 1-11,text,true,,246,221,44,44,http://127.0.0.1:8000/deposit,336,0,0
1637593869407,296,HTTP Request,200,OK,Thread Group 1-15,text,true,,246,221,44,44,http://127.0.0.1:8000/deposit,296,0,1
1637593869447,257,HTTP Request,200,OK,Thread Group 1-19,text,true,,246,221,44,44,http://127.0.0.1:8000/deposit,257,0,0
1637593869312,392,HTTP Request,200,OK,Thread Group 1-5,text,true,,246,221,44,44,http://127.0.0.1:8000/deposit,392,0,0
1637593869487,217,HTTP Request,200,OK,Thread Group 1-23,text,true,,246,221,44,44,http://127.0.0.1:8000/deposit,217,0,1
1637593869330,374,HTTP Request,200,OK,Thread Group 1-7,text,true,,246,221,44,44,http://127.0.0.1:8000/deposit,374,0,0
1637593869477,227,HTTP Request,200,OK,Thread Group 1-22,text,true,,246,221,44,44,http://127.0.0.1:8000/deposit,227,0,0
1637593869467,238,HTTP Request,200,OK,Thread Group 1-21,text,true,,246,221,44,44,http://127.0.0.1:8000/deposit,238,0,0
1637593869348,357,HTTP Request,200,OK,Thread Group 1-9,text,true,,246,221,44,44,http://127.0.0.1:8000/deposit,357,0,0
1637593869309,396,HTTP Request,200,OK,Thread Group 1-1,text,true,,246,221,44,44,http://127.0.0.1:8000/deposit,396,0,0
1637593869457,248,HTTP Request,200,OK,Thread Group 1-20,text,true,,246,221,44,44,http://127.0.0.1:8000/deposit,248,0,0
1637593869437,268,HTTP Request,200,OK,Thread Group 1-18,text,true,,246,221,43,43,http://127.0.0.1:8000/deposit,268,0,0
1637593869590,116,HTTP Request,200,OK,Thread Group 1-33,text,true,,246,221,43,43,http://127.0.0.1:8000/deposit,116,0,0
1637593869426,282,HTTP Request,200,OK,Thread Group 1-17,text,true,,246,221,44,44,http://127.0.0.1:8000/deposit,282,0,1
1637593869387,321,HTTP Request,200,OK,Thread Group 1-13,text,true,,246,221,44,44,http://127.0.0.1:8000/deposit,321,0,0
1637593869377,331,HTTP Request,200,OK,Thread Group 1-12,text,true,,246,221,44,44,http://127.0.0.1:8000/deposit,331,0,0
1637593869357,366,HTTP Request,200,OK,Thread Group 1-10,text,true,,246,221,45,45,http://127.0.0.1:8000/deposit,366,0,0
1637593869405,322,HTTP Request,200,OK,Thread Group 1-14,text,true,,246,221,46,46,http://127.0.0.1:8000/deposit,322,0,0
1637593869666,69,HTTP Request,200,OK,Thread Group 1-41,text,true,,246,221,46,46,http://127.0.0.1:8000/deposit,69,0,0
1637593869656,80,HTTP Request,200,OK,Thread Group 1-40,text,true,,246,221,46,46,http://127.0.0.1:8000/deposit,80,0,0
1637593869637,99,HTTP Request,200,OK,Thread Group 1-38,text,true,,246,221,46,46,http://127.0.0.1:8000/deposit,99,0,0
1637593869676,60,HTTP Request,200,OK,Thread Group 1-42,text,true,,246,221,46,46,http://127.0.0.1:8000/deposit,60,0,0
1637593869686,50,HTTP Request,200,OK,Thread Group 1-43,text,true,,246,221,46,46,http://127.0.0.1:8000/deposit,50,0,0
1637593869641,95,HTTP Request,200,OK,Thread Group 1-3,text,true,,246,221,47,47,http://127.0.0.1:8000/deposit,95,0,0
1637593869647,89,HTTP Request,200,OK,Thread Group 1-39,text,true,,246,221,46,46,http://127.0.0.1:8000/deposit,89,0,0
1637593869642,95,HTTP Request,200,OK,Thread Group 1-4,text,true,,246,221,46,46,http://127.0.0.1:8000/deposit,95,0,0
1637593869641,98,HTTP Request,200,OK,Thread Group 1-2,text,true,,246,221,45,45,http://127.0.0.1:8000/deposit,98,0,0
1637593869699,298,HTTP Request,200,OK,Thread Group 1-28,text,true,,246,221,69,69,http://127.0.0.1:8000/deposit,298,0,0
1637593869700,298,HTTP Request,200,OK,Thread Group 1-27,text,true,,246,221,70,70,http://127.0.0.1:8000/deposit,298,0,0
1637593869699,298,HTTP Request,200,OK,Thread Group 1-31,text,true,,246,221,69,69,http://127.0.0.1:8000/deposit,298,0,0
1637593869699,299,HTTP Request,200,OK,Thread Group 1-34,text,true,,246,221,70,70,http://127.0.0.1:8000/deposit,299,0,0
1637593869699,299,HTTP Request,200,OK,Thread Group 1-16,text,true,,246,221,70,70,http://127.0.0.1:8000/deposit,299,0,0
1637593869698,301,HTTP Request,200,OK,Thread Group 1-30,text,true,,246,221,65,65,http://127.0.0.1:8000/deposit,301,0,0
1637593869700,300,HTTP Request,200,OK,Thread Group 1-25,text,true,,246,221,65,65,http://127.0.0.1:8000/deposit,300,0,0
1637593869697,303,HTTP Request,200,OK,Thread Group 1-32,text,true,,246,221,63,63,http://127.0.0.1:8000/deposit,303,0,0
1637593869698,303,HTTP Request,200,OK,Thread Group 1-37,text,true,,246,221,62,62,http://127.0.0.1:8000/deposit,303,0,0
1637593869699,305,HTTP Request,200,OK,Thread Group 1-26,text,true,,246,221,61,61,http://127.0.0.1:8000/deposit,305,0,0
1637593869736,295,HTTP Request,200,OK,Thread Group 1-48,text,true,,246,221,63,63,http://127.0.0.1:8000/deposit,295,0,1
1637593869767,264,HTTP Request,200,OK,Thread Group 1-51,text,true,,246,221,63,63,http://127.0.0.1:8000/deposit,264,0,0
1637593869938,94,HTTP Request,200,OK,Thread Group 1-68,text,true,,246,221,63,63,http://127.0.0.1:8000/deposit,94,0,0
1637593869697,335,HTTP Request,200,OK,Thread Group 1-36,text,true,,246,221,63,63,http://127.0.0.1:8000/deposit,335,0,0
1637593869736,296,HTTP Request,200,OK,Thread Group 1-43,text,true,,246,221,63,63,http://127.0.0.1:8000/deposit,296,0,0
1637593869987,45,HTTP Request,200,OK,Thread Group 1-73,text,true,,246,221,63,63,http://127.0.0.1:8000/deposit,45,0,0
1637593869946,87,HTTP Request,200,OK,Thread Group 1-69,text,true,,246,221,62,62,http://127.0.0.1:8000/deposit,87,0,0
1637593869968,65,HTTP Request,200,OK,Thread Group 1-71,text,true,,246,221,61,61,http://127.0.0.1:8000/deposit,65,0,0
1637593869958,75,HTTP Request,200,OK,Thread Group 1-70,text,true,,246,221,61,61,http://127.0.0.1:8000/deposit,75,0,0
1637593869907,126,HTTP Request,200,OK,Thread Group 1-65,text,true,,246,221,61,61,http://127.0.0.1:8000/deposit,126,0,0
1637593869887,147,HTTP Request,200,OK,Thread Group 1-63,text,true,,246,221,61,61,http://127.0.0.1:8000/deposit,147,0,0
1637593869847,187,HTTP Request,200,OK,Thread Group 1-59,text,true,,246,221,61,61,http://127.0.0.1:8000/deposit,187,0,0
1637593869866,168,HTTP Request,200,OK,Thread Group 1-61,text,true,,246,221,61,61,http://127.0.0.1:8000/deposit,168,0,1
1637593869787,247,HTTP Request,200,OK,Thread Group 1-53,text,true,,246,221,61,61,http://127.0.0.1:8000/deposit,247,0,0
1637593869706,329,HTTP Request,200,OK,Thread Group 1-33,text,true,,246,221,61,61,http://127.0.0.1:8000/deposit,329,0,0
1637593869806,229,HTTP Request,200,OK,Thread Group 1-55,text,true,,246,221,60,60,http://127.0.0.1:8000/deposit,229,0,1
1637593869706,332,HTTP Request,200,OK,Thread Group 1-45,text,true,,246,221,60,60,http://127.0.0.1:8000/deposit,332,0,0
1637593869728,311,HTTP Request,200,OK,Thread Group 1-14,text,true,,246,221,61,61,http://127.0.0.1:8000/deposit,311,0,0
1637593869705,338,HTTP Request,200,OK,Thread Group 1-7,text,true,,246,221,60,60,http://127.0.0.1:8000/deposit,338,0,0
1637593869704,339,HTTP Request,200,OK,Thread Group 1-19,text,true,,246,221,60,60,http://127.0.0.1:8000/deposit,339,0,0
1637593869708,336,HTTP Request,200,OK,Thread Group 1-12,text,true,,246,221,58,58,http://127.0.0.1:8000/deposit,336,0,0
1637593869699,345,HTTP Request,200,OK,Thread Group 1-29,text,true,,246,221,58,58,http://127.0.0.1:8000/deposit,345,0,0
1637593869976,69,HTTP Request,200,OK,Thread Group 1-72,text,true,,246,221,58,58,http://127.0.0.1:8000/deposit,69,0,1
1637593869701,344,HTTP Request,200,OK,Thread Group 1-35,text,true,,246,221,57,57,http://127.0.0.1:8000/deposit,344,0,0
1637593869756,290,HTTP Request,200,OK,Thread Group 1-50,text,true,,246,221,55,55,http://127.0.0.1:8000/deposit,290,0,1
1637593869705,341,HTTP Request,200,OK,Thread Group 1-9,text,true,,246,221,55,55,http://127.0.0.1:8000/deposit,341,0,0
1637593869917,131,HTTP Request,200,OK,Thread Group 1-66,text,true,,246,221,55,55,http://127.0.0.1:8000/deposit,131,0,0
1637593869736,312,HTTP Request,200,OK,Thread Group 1-40,text,true,,246,221,55,55,http://127.0.0.1:8000/deposit,312,0,0
1637593869837,212,HTTP Request,200,OK,Thread Group 1-58,text,true,,246,221,54,54,http://127.0.0.1:8000/deposit,212,0,0
1637593869704,346,HTTP Request,200,OK,Thread Group 1-23,text,true,,246,221,54,54,http://127.0.0.1:8000/deposit,346,0,0
1637593869704,346,HTTP Request,200,OK,Thread Group 1-5,text,true,,246,221,53,53,http://127.0.0.1:8000/deposit,346,0,0
1637593869856,194,HTTP Request,200,OK,Thread Group 1-60,text,true,,246,221,52,52,http://127.0.0.1:8000/deposit,194,0,0
1637593869705,346,HTTP Request,200,OK,Thread Group 1-22,text,true,,246,221,52,52,http://127.0.0.1:8000/deposit,346,0,0
1637593869876,175,HTTP Request,200,OK,Thread Group 1-62,text,true,,246,221,51,51,http://127.0.0.1:8000/deposit,175,0,0
1637593869926,126,HTTP Request,200,OK,Thread Group 1-67,text,true,,246,221,51,51,http://127.0.0.1:8000/deposit,126,0,0
1637593869817,237,HTTP Request,200,OK,Thread Group 1-56,text,true,,246,221,51,51,http://127.0.0.1:8000/deposit,237,0,0
1637593869702,352,HTTP Request,200,OK,Thread Group 1-6,text,true,,246,221,51,51,http://127.0.0.1:8000/deposit,352,0,0
1637593869708,347,HTTP Request,200,OK,Thread Group 1-13,text,true,,246,221,50,50,http://127.0.0.1:8000/deposit,347,0,0
1637593869702,355,HTTP Request,200,OK,Thread Group 1-8,text,true,,246,221,49,49,http://127.0.0.1:8000/deposit,355,0,0
1637593869699,358,HTTP Request,200,OK,Thread Group 1-24,text,true,,246,221,49,49,http://127.0.0.1:8000/deposit,358,0,0
1637593869703,355,HTTP Request,200,OK,Thread Group 1-15,text,true,,246,221,48,48,http://127.0.0.1:8000/deposit,355,0,0
1637593869705,353,HTTP Request,200,OK,Thread Group 1-21,text,true,,246,221,48,48,http://127.0.0.1:8000/deposit,353,0,0
1637593869705,353,HTTP Request,200,OK,Thread Group 1-18,text,true,,246,221,47,47,http://127.0.0.1:8000/deposit,353,0,0
1637593869736,323,HTTP Request,200,OK,Thread Group 1-42,text,true,,246,221,45,45,http://127.0.0.1:8000/deposit,323,0,0
1637593869737,322,HTTP Request,200,OK,Thread Group 1-39,text,true,,246,221,44,44,http://127.0.0.1:8000/deposit,322,0,0
1637593869897,163,HTTP Request,200,OK,Thread Group 1-64,text,true,,246,221,43,43,http://127.0.0.1:8000/deposit,163,0,0
1637593869747,313,HTTP Request,200,OK,Thread Group 1-49,text,true,,246,221,43,43,http://127.0.0.1:8000/deposit,313,0,0
1637593869736,324,HTTP Request,200,OK,Thread Group 1-38,text,true,,246,221,43,43,http://127.0.0.1:8000/deposit,324,0,0
1637593869735,326,HTTP Request,200,OK,Thread Group 1-41,text,true,,246,221,42,42,http://127.0.0.1:8000/deposit,326,0,0
1637593869777,285,HTTP Request,200,OK,Thread Group 1-52,text,true,,246,221,41,41,http://127.0.0.1:8000/deposit,285,0,0
1637593869727,336,HTTP Request,200,OK,Thread Group 1-47,text,true,,246,221,41,41,http://127.0.0.1:8000/deposit,336,0,1
1637593869798,266,HTTP Request,200,OK,Thread Group 1-54,text,true,,246,221,41,41,http://127.0.0.1:8000/deposit,265,0,1
1637593869717,348,HTTP Request,200,OK,Thread Group 1-46,text,true,,246,221,41,41,http://127.0.0.1:8000/deposit,348,0,0
1637593869998,67,HTTP Request,200,OK,Thread Group 1-74,text,true,,246,221,41,41,http://127.0.0.1:8000/deposit,67,0,0
1637593869703,362,HTTP Request,200,OK,Thread Group 1-11,text,true,,246,221,41,41,http://127.0.0.1:8000/deposit,362,0,0
1637593870027,39,HTTP Request,200,OK,Thread Group 1-77,text,true,,246,221,40,40,http://127.0.0.1:8000/deposit,39,0,0
1637593870009,60,HTTP Request,200,OK,Thread Group 1-75,text,true,,246,221,40,40,http://127.0.0.1:8000/deposit,60,0,0
1637593869696,374,HTTP Request,200,OK,Thread Group 1-44,text,true,,246,221,41,41,http://127.0.0.1:8000/deposit,374,0,3
1637593870017,53,HTTP Request,200,OK,Thread Group 1-76,text,true,,246,221,41,41,http://127.0.0.1:8000/deposit,53,0,1
1637593869708,362,HTTP Request,200,OK,Thread Group 1-17,text,true,,246,221,41,41,http://127.0.0.1:8000/deposit,362,0,0
1637593869723,348,HTTP Request,200,OK,Thread Group 1-10,text,true,,246,221,41,41,http://127.0.0.1:8000/deposit,348,0,0
1637593869705,367,HTTP Request,200,OK,Thread Group 1-20,text,true,,246,221,41,41,http://127.0.0.1:8000/deposit,367,0,0
1637593869827,250,HTTP Request,200,OK,Thread Group 1-57,text,true,,246,221,38,38,http://127.0.0.1:8000/deposit,250,0,0
1637593870031,69,HTTP Request,200,OK,Thread Group 1-48,text,true,,246,221,41,41,http://127.0.0.1:8000/deposit,69,0,0
1637593870034,66,HTTP Request,200,OK,Thread Group 1-61,text,true,,246,221,41,41,http://127.0.0.1:8000/deposit,66,0,0
1637593870032,69,HTTP Request,200,OK,Thread Group 1-68,text,true,,246,221,39,39,http://127.0.0.1:8000/deposit,69,0,0
1637593870039,62,HTTP Request,200,OK,Thread Group 1-78,text,true,,246,221,39,39,http://127.0.0.1:8000/deposit,62,0,0
1637593870034,67,HTTP Request,200,OK,Thread Group 1-63,text,true,,246,221,38,38,http://127.0.0.1:8000/deposit,67,0,0
1637593870038,63,HTTP Request,200,OK,Thread Group 1-45,text,true,,246,221,38,38,http://127.0.0.1:8000/deposit,63,0,0
1637593870031,72,HTTP Request,200,OK,Thread Group 1-51,text,true,,246,221,36,36,http://127.0.0.1:8000/deposit,72,0,0
1637593870060,75,HTTP Request,200,OK,Thread Group 1-64,text,true,,246,221,38,38,http://127.0.0.1:8000/deposit,75,0,0
1637593870065,70,HTTP Request,200,OK,Thread Group 1-74,text,true,,246,221,38,38,http://127.0.0.1:8000/deposit,70,0,0
1637593870033,102,HTTP Request,200,OK,Thread Group 1-65,text,true,,246,221,36,36,http://127.0.0.1:8000/deposit,102,0,0
1637593870048,87,HTTP Request,200,OK,Thread Group 1-66,text,true,,246,221,35,35,http://127.0.0.1:8000/deposit,87,0,0
1637593870034,101,HTTP Request,200,OK,Thread Group 1-59,text,true,,246,221,34,34,http://127.0.0.1:8000/deposit,101,0,0
1637593870064,72,HTTP Request,200,OK,Thread Group 1-54,text,true,,246,221,33,33,http://127.0.0.1:8000/deposit,72,0,0
1637593870035,101,HTTP Request,200,OK,Thread Group 1-55,text,true,,246,221,33,33,http://127.0.0.1:8000/deposit,101,0,0
1637593870064,72,HTTP Request,200,OK,Thread Group 1-47,text,true,,246,221,32,32,http://127.0.0.1:8000/deposit,72,0,0
1637593870033,104,HTTP Request,200,OK,Thread Group 1-70,text,true,,246,221,31,31,http://127.0.0.1:8000/deposit,104,0,0
1637593870069,68,HTTP Request,200,OK,Thread Group 1-81,text,true,,246,221,30,30,http://127.0.0.1:8000/deposit,68,0,1
1637593870065,72,HTTP Request,200,OK,Thread Group 1-46,text,true,,246,221,30,30,http://127.0.0.1:8000/deposit,72,0,0
1637593870096,42,HTTP Request,200,OK,Thread Group 1-84,text,true,,246,221,30,30,http://127.0.0.1:8000/deposit,42,0,0
1637593870062,77,HTTP Request,200,OK,Thread Group 1-52,text,true,,246,221,30,30,http://127.0.0.1:8000/deposit,77,0,0
1637593870049,89,HTTP Request,200,OK,Thread Group 1-58,text,true,,246,221,30,30,http://127.0.0.1:8000/deposit,89,0,0
1637593870058,81,HTTP Request,200,OK,Thread Group 1-80,text,true,,246,221,30,30,http://127.0.0.1:8000/deposit,81,0,0
1637593870087,52,HTTP Request,200,OK,Thread Group 1-83,text,true,,246,221,27,27,http://127.0.0.1:8000/deposit,52,0,0
1637593870033,106,HTTP Request,200,OK,Thread Group 1-73,text,true,,246,221,30,30,http://127.0.0.1:8000/deposit,106,0,0
1637593870051,87,HTTP Request,200,OK,Thread Group 1-62,text,true,,246,221,30,30,http://127.0.0.1:8000/deposit,87,0,0
1637593870033,107,HTTP Request,200,OK,Thread Group 1-71,text,true,,246,221,25,25,http://127.0.0.1:8000/deposit,107,0,0
1637593870033,108,HTTP Request,200,OK,Thread Group 1-69,text,true,,246,221,24,24,http://127.0.0.1:8000/deposit,108,0,0
1637593870046,95,HTTP Request,200,OK,Thread Group 1-50,text,true,,246,221,24,24,http://127.0.0.1:8000/deposit,95,0,0
1637593870075,66,HTTP Request,200,OK,Thread Group 1-75,text,true,,246,221,24,24,http://127.0.0.1:8000/deposit,66,0,0
1637593870045,96,HTTP Request,200,OK,Thread Group 1-72,text,true,,246,221,21,21,http://127.0.0.1:8000/deposit,96,0,0
1637593870050,91,HTTP Request,200,OK,Thread Group 1-60,text,true,,246,221,20,20,http://127.0.0.1:8000/deposit,91,0,0
1637593870060,82,HTTP Request,200,OK,Thread Group 1-49,text,true,,246,221,19,19,http://127.0.0.1:8000/deposit,82,0,0
1637593870077,66,HTTP Request,200,OK,Thread Group 1-82,text,true,,246,221,18,18,http://127.0.0.1:8000/deposit,66,0,0
1637593870075,68,HTTP Request,200,OK,Thread Group 1-76,text,true,,246,221,18,18,http://127.0.0.1:8000/deposit,68,0,0
1637593870052,92,HTTP Request,200,OK,Thread Group 1-67,text,true,,246,221,17,17,http://127.0.0.1:8000/deposit,92,0,0
1637593870075,69,HTTP Request,200,OK,Thread Group 1-44,text,true,,246,221,17,17,http://127.0.0.1:8000/deposit,69,0,0
1637593870034,110,HTTP Request,200,OK,Thread Group 1-53,text,true,,246,221,15,15,http://127.0.0.1:8000/deposit,110,0,0
1637593870066,78,HTTP Request,200,OK,Thread Group 1-77,text,true,,246,221,15,15,http://127.0.0.1:8000/deposit,78,0,0
1637593870077,67,HTTP Request,200,OK,Thread Group 1-57,text,true,,246,221,13,13,http://127.0.0.1:8000/deposit,67,0,0
1637593870047,98,HTTP Request,200,OK,Thread Group 1-79,text,true,,246,221,12,12,http://127.0.0.1:8000/deposit,98,0,1
1637593870054,91,HTTP Request,200,OK,Thread Group 1-56,text,true,,246,221,12,12,http://127.0.0.1:8000/deposit,91,0,0
1637593870101,68,HTTP Request,200,OK,Thread Group 1-78,text,true,,246,221,14,14,http://127.0.0.1:8000/deposit,68,0,0
1637593870116,53,HTTP Request,200,OK,Thread Group 1-86,text,true,,246,221,14,14,http://127.0.0.1:8000/deposit,53,0,1
1637593870106,63,HTTP Request,200,OK,Thread Group 1-85,text,true,,246,221,13,13,http://127.0.0.1:8000/deposit,63,0,0
1637593870126,43,HTTP Request,200,OK,Thread Group 1-87,text,true,,246,221,13,13,http://127.0.0.1:8000/deposit,43,0,1
1637593870137,101,HTTP Request,200,OK,Thread Group 1-88,text,true,,246,221,20,20,http://127.0.0.1:8000/deposit,101,0,0
1637593870139,167,HTTP Request,200,OK,Thread Group 1-83,text,true,,246,221,22,22,http://127.0.0.1:8000/deposit,167,0,0
1637593870238,106,HTTP Request,200,OK,Thread Group 1-88,text,true,,246,221,21,21,http://127.0.0.1:8000/deposit,106,0,0
1637593870186,158,HTTP Request,200,OK,Thread Group 1-93,text,true,,246,221,21,21,http://127.0.0.1:8000/deposit,158,0,0
1637593870257,87,HTTP Request,200,OK,Thread Group 1-100,text,true,,246,221,21,21,http://127.0.0.1:8000/deposit,87,0,0
1637593870176,169,HTTP Request,200,OK,Thread Group 1-92,text,true,,246,221,20,20,http://127.0.0.1:8000/deposit,169,0,0
1637593870147,199,HTTP Request,200,OK,Thread Group 1-89,text,true,,246,221,20,20,http://127.0.0.1:8000/deposit,199,0,0
1637593870216,131,HTTP Request,200,OK,Thread Group 1-96,text,true,,246,221,20,20,http://127.0.0.1:8000/deposit,131,0,1
1637593870143,205,HTTP Request,200,OK,Thread Group 1-82,text,true,,246,221,20,20,http://127.0.0.1:8000/deposit,205,0,0
1637593870139,210,HTTP Request,200,OK,Thread Group 1-80,text,true,,246,221,20,20,http://127.0.0.1:8000/deposit,210,0,0
1637593870227,122,HTTP Request,200,OK,Thread Group 1-97,text,true,,246,221,20,20,http://127.0.0.1:8000/deposit,122,0,0
1637593870248,101,HTTP Request,200,OK,Thread Group 1-99,text,true,,246,221,19,19,http://127.0.0.1:8000/deposit,101,0,0
1637593870169,181,HTTP Request,200,OK,Thread Group 1-86,text,true,,246,221,19,19,http://127.0.0.1:8000/deposit,181,0,0
1637593870236,116,HTTP Request,200,OK,Thread Group 1-98,text,true,,246,221,17,17,http://127.0.0.1:8000/deposit,116,0,0
1637593870169,183,HTTP Request,200,OK,Thread Group 1-85,text,true,,246,221,17,17,http://127.0.0.1:8000/deposit,183,0,0
1637593870157,197,HTTP Request,200,OK,Thread Group 1-90,text,true,,246,221,16,16,http://127.0.0.1:8000/deposit,196,0,0
1637593870145,209,HTTP Request,200,OK,Thread Group 1-79,text,true,,246,221,16,16,http://127.0.0.1:8000/deposit,209,0,0
1637593870137,217,HTTP Request,200,OK,Thread Group 1-81,text,true,,246,221,16,16,http://127.0.0.1:8000/deposit,217,0,0
1637593870139,222,HTTP Request,200,OK,Thread Group 1-84,text,true,,246,221,14,14,http://127.0.0.1:8000/deposit,222,0,0
1637593870206,155,HTTP Request,200,OK,Thread Group 1-95,text,true,,246,221,14,14,http://127.0.0.1:8000/deposit,155,0,1
1637593870167,202,HTTP Request,200,OK,Thread Group 1-91,text,true,,246,221,13,13,http://127.0.0.1:8000/deposit,202,0,0
1637593870196,175,HTTP Request,200,OK,Thread Group 1-94,text,true,,246,221,13,13,http://127.0.0.1:8000/deposit,175,0,1
1637593870169,202,HTTP Request,200,OK,Thread Group 1-87,text,true,,246,221,13,13,http://127.0.0.1:8000/deposit,202,0,0
1637593870350,47,HTTP Request,200,OK,Thread Group 1-99,text,true,,246,221,12,12,http://127.0.0.1:8000/deposit,47,0,0
1637593870347,85,HTTP Request,200,OK,Thread Group 1-89,text,true,,246,221,11,11,http://127.0.0.1:8000/deposit,85,0,0
1637593870349,84,HTTP Request,200,OK,Thread Group 1-97,text,true,,246,221,10,10,http://127.0.0.1:8000/deposit,83,0,0
1637593870347,87,HTTP Request,200,OK,Thread Group 1-96,text,true,,246,221,9,9,http://127.0.0.1:8000/deposit,87,0,0
1637593870361,74,HTTP Request,200,OK,Thread Group 1-95,text,true,,246,221,8,8,http://127.0.0.1:8000/deposit,74,0,0
1637593870369,66,HTTP Request,200,OK,Thread Group 1-91,text,true,,246,221,8,8,http://127.0.0.1:8000/deposit,66,0,0
1637593870344,92,HTTP Request,200,OK,Thread Group 1-93,text,true,,246,221,6,6,http://127.0.0.1:8000/deposit,92,0,0
1637593870371,67,HTTP Request,200,OK,Thread Group 1-94,text,true,,246,221,5,5,http://127.0.0.1:8000/deposit,67,0,0
1637593870346,93,HTTP Request,200,OK,Thread Group 1-92,text,true,,246,221,5,5,http://127.0.0.1:8000/deposit,93,0,0
1637593870344,96,HTTP Request,200,OK,Thread Group 1-100,text,true,,246,221,5,5,http://127.0.0.1:8000/deposit,96,0,0
1637593870354,86,HTTP Request,200,OK,Thread Group 1-90,text,true,,246,221,5,5,http://127.0.0.1:8000/deposit,86,0,0
1637593870352,91,HTTP Request,200,OK,Thread Group 1-98,text,true,,246,221,1,1,http://127.0.0.1:8000/deposit,91,0,0
